1.42,133,,,,,,BPM,180,,,1,1.333333333
6.753333333,7,,,,,,,,,,2,0.666666667
7.086666666,6,,,,,,,,,,4,0.333333333
7.419999999,8,,,,,,,,,,8,0.166666667
7.753333332,5,12,,,,,,,,,12,0.111111111
8.086666665,7,11,,,,,,,,,16,0.083333333
8.419999998,6,13,,,,,,,,,24,0.055555556
8.753333331,8,10,,,,,,,,,,
9.086666664,5,12,,,,,,,,,,
9.419999997,7,11,,,,,,,,,,
9.586666664,6,13,,,,,,,,,,
9.753333331,8,12,,,,,,,,,,
9.919999998,7,10,,,,,,,,,,
10.08666667,5,11,,,,,,,,,,
10.25333333,6,13,,,,,,,,,,
10.42,8,10,,,,,,,,,,
10.58666667,5,12,,,,,,,,,,
10.75333333,9,10,11,13,,,,,,,,
11.08666667,,,,,,,,,,,,
11.42,,,,,,,,,,,,
11.58666667,3,14,,,,,,,,,,
11.64222222,2,,,,,,,,,,,
11.69777778,1,,,,,,,,,,,
11.75333333,0,4,,,,,,,,,,
12.08666667,2,,,,a,,,,,,,
12.25333333,3,,,,,,,,,,,
12.42,6,,,,,,,,,,,
12.58666667,0,,,,,,,,,,,
12.75333333,2,,,,,,,,,,,
12.92,8,11,,,,,,,,,,
13.08666667,1,,,,,,,,,,,
13.25333333,2,,,,,,,,,,,
13.42,5,13,,,,,,,,,,
13.58666667,1,,,,,,,,,,,
13.75333333,3,,,,,,,,,,,
13.92,7,,,,,,,,,,,
14.08666667,4,,,,,,,,,,,
14.25333334,3,,,,,,,,,,,
14.42,12,,,,,,,,,,,
14.58666667,3,10,,,,,,,,,,
14.75333334,1,,,,,,,,,,,
14.92,0,,,,,,,,,,,
15.08666667,1,,,,,,,,,,,
15.25333334,5,,,,,,,,,,,
15.42,6,,,,,,,,,,,
15.58666667,8,10,,,,,,,,,,
15.75333334,7,11,,,,,,,,,,
15.92000001,4,,,,,,,,,,,
16.08666667,1,,,,,,,,,,,
16.25333334,4,,,,,,,,,,,
16.42000001,1,13,,,,,,,,,,
16.58666667,3,,,,,,,,,,,
16.75333334,0,12,,,,,,,,,,
16.92000001,1,2,,,,,,,,,,
17.08666667,0,,,,,,,,,,,
17.25333334,3,,,,,,,,,,,
17.42000001,9,,,,,,,,,,,
17.58666668,,,,,,,,,,,,
17.75333334,2,8,,,,,,,,,,
17.92000001,1,2,,,,,,,,,,
18.08666668,0,1,,,,,,,,,,
18.25333334,1,2,,,,,,,,,,
18.42000001,2,13,,,,,,,,,,
18.58666668,14,,,,,,,,,,,
18.75333334,2,5,8,,,,,,,,,
18.83666668,1,,,,,,,,,,,
18.92000001,2,,,,,,,,,,,
19.00333334,1,,,,,,,,,,,
19.08666668,2,,,,,,,,,,,
19.17000001,1,,,,,,,,,,,
19.25333334,2,,,,,,,,,,,
19.33666668,1,,,,,,,,,,,
19.42000001,2,,,,,,,,,,,
19.50333334,1,,,,,,,,,,,
19.58666667,2,,,,,,,,,,,
19.67000001,1,,,,,,,,,,,
19.75333334,2,,,,,,,,,,,
19.83666667,1,,,,,,,,,,,
19.92000001,2,,,,,,,,,,,
20.00333334,1,,,,,,,,,,,
20.08666667,2,10,13,,,,,,,,,
20.17000001,1,,,,,,,,,,,
20.25333334,2,3,,,,,,,,,,
20.33666667,0,1,,,,,,,,,,
20.42,2,,,,,,,,,,,
20.50333334,1,,,,,,,,,,,
20.58666667,2,3,,,,,,,,,,
20.67,0,1,,,,,,,,,,
20.75333334,2,,,,,,,,,,,
20.83666667,1,,,,,,,,,,,
20.92,2,3,,,,,,,,,,
21.00333334,0,1,,,,,,,,,,
21.08666667,2,,,,,,,,,,,
21.17,1,,,,,,,,,,,
21.25333333,2,3,,,,,,,,,,
21.33666667,0,1,,,,,,,,,,
21.42,2,9,,,,,,,,,,
22.75333333,8,14,,,,,,,,,,
22.83666667,2,,,,,,,,,,,
22.92,1,,,,,,,,,,,
23.00333333,0,,,,,,,,,,,
23.08666667,2,,,,,,,,,,,
23.17,1,,,,,,,,,,,
23.25333333,2,,,,,,,,,,,
23.33666666,1,,,,,,,,,,,
23.42,0,,,,,,,,,,,
23.50333333,1,,,,,,,,,,,
23.58666666,0,,,,,,,,,,,
23.67,1,,,,,,,,,,,
23.75333333,0,,,,,,,,,,,
23.83666666,1,,,,,,,,,,,
23.92,2,,,,,,,,,,,
24.00333333,13,,,,,,,,,,,
24.08666666,5,,,,,,,,,,,
24.16999999,1,,,,,,,,,,,
24.25333333,2,,,,,,,,,,,
24.33666666,3,,,,,,,,,,,
24.41999999,1,,,,,,,,,,,
24.50333333,2,,,,,,,,,,,
24.58666666,1,,,,,,,,,,,
24.66999999,2,,,,,,,,,,,
24.75333332,3,,,,,,,,,,,
24.83666666,2,,,,,,,,,,,
24.91999999,3,,,,,,,,,,,
25.00333332,2,,,,,,,,,,,
25.08666666,3,,,,,,,,,,,
25.16999999,2,,,,,,,,,,,
25.25333332,1,,,,,,,,,,,
25.33666666,10,,,,,,,,,,,
25.41999999,7,,,,,,,,,,,
25.50333332,1,,,,,,,,,,,
25.58666665,0,,,,,,,,,,,
25.66999999,3,,,,,,,,,,,
25.75333332,1,,,,,,,,,,,
25.83666665,0,,,,,,,,,,,
25.91999999,1,,,,,,,,,,,
26.00333332,0,,,,,,,,,,,
26.08666665,3,,,,,,,,,,,
26.16999999,0,,,,,,,,,,,
26.25333332,3,,,,,,,,,,,
26.33666665,0,,,,,,,,,,,
26.41999998,3,,,,,,,,,,,
26.50333332,0,,,,,,,,,,,
26.58666665,1,,,,,,,,,,,
26.66999998,12,,,,,,,,,,,
26.75333332,6,,,,,,,,,,,
26.83666665,2,,,,,,,,,,,
26.91999998,3,,,,,,,,,,,
27.00333332,0,,,,,,,,,,,
27.08666665,2,,,,,,,,,,,
27.16999998,3,,,,,,,,,,,
27.25333331,2,,,,,,,,,,,
27.33666665,3,,,,,,,,,,,
27.41999998,0,,,,,,,,,,,
27.50333331,3,,,,,,,,,,,
27.58666665,0,,,,,,,,,,,
27.66999998,3,,,,,,,,,,,
27.75333331,0,,,,,,,,,,,
27.83666665,3,,,,,,,,,,,
27.91999998,2,,,,,,,,,,,
28.00333331,11,,,,,,,,,,,
28.08666664,8,,,,,,,,,,,
28.16999998,2,,,,,,,,,,,
28.25333331,1,,,,,,,,,,,
28.33666664,0,,,,,,,,,,,
28.41999998,2,,,,,,,,,,,
28.50333331,1,,,,,,,,,,,
28.58666664,0,,,,,,,,,,,
28.66999998,2,,,,,,,,,,,
28.75333331,1,,,,,,,,,,,
28.83666664,0,,,,,,,,,,,
28.91999997,2,,,,,,,,,,,
29.00333331,1,,,,,,,,,,,
29.08666664,0,,,,,,,,,,,
29.16999997,2,,,,,,,,,,,
29.25333331,1,,,,,,,,,,,
29.33666664,0,,,,,,,,,,,
29.41999997,7,13,,,,,,,,,,
29.50333331,1,,,,,,,,,,,
29.58666664,0,,,,,,,,,,,
29.66999997,3,,,,,,,,,,,
29.7533333,1,,,,,,,,,,,
29.83666664,0,,,,,,,,,,,
29.91999997,3,,,,,,,,,,,
30.0033333,1,,,,,,,,,,,
30.08666664,0,,,,,,,,,,,
30.16999997,3,,,,,,,,,,,
30.2533333,1,,,,,,,,,,,
30.33666664,0,,,,,,,,,,,
30.41999997,3,,,,,,,,,,,
30.5033333,1,,,,,,,,,,,
30.58666663,0,,,,,,,,,,,
30.66999997,3,,,,,,,,,,,
30.7533333,6,12,,,,,,,,,,
30.83666663,0,,,,,,,,,,,
30.91999997,3,,,,,,,,,,,
31.0033333,2,,,,,,,,,,,
31.08666663,0,,,,,,,,,,,
31.16999997,3,,,,,,,,,,,
31.2533333,2,,,,,,,,,,,
31.33666663,0,,,,,,,,,,,
31.41999996,3,,,,,,,,,,,
31.5033333,2,,,,,,,,,,,
31.58666663,0,,,,,,,,,,,
31.66999996,3,,,,,,,,,,,
31.7533333,2,,,,,,,,,,,
31.83666663,0,,,,,,,,,,,
31.91999996,3,,,,,,,,,,,
32.0033333,2,,,,,,,,,,,
32.08666663,5,11,,,,,,,,,,
32.16999996,3,,,,,,,,,,,
32.25333329,2,,,,,,,,,,,
32.33666663,1,,,,,,,,,,,
32.41999996,3,,,,,,,,,,,
32.50333329,2,,,,,,,,,,,
32.58666663,1,,,,,,,,,,,
32.66999996,3,,,,,,,,,,,
32.75333329,2,,,,,,,,,,,
32.83666663,1,,,,,,,,,,,
32.91999996,3,,,,,,,,,,,
33.00333329,2,,,,,,,,,,,
33.08666662,1,,,,,,,,,,,
33.16999996,3,,,,,,,,,,,
33.25333329,2,,,,,,,,,,,
33.33666662,1,,,,,,,,,,,
33.41999996,3,7,10,,,,,,,,,
33.58666662,3,,,,,,,,,,,
33.75333329,3,12,,,,,,,,,,
33.91999996,0,6,,,,,,,,,,
34.08666662,0,,,,,,,,,,,
34.25333329,0,11,,,,,,,,,,
34.41999996,2,8,,,,,,,,,,
34.58666663,2,,,,,,,,,,,
34.75333329,2,13,,,,,,,,,,
34.91999996,1,5,,,,,,,,,,
35.08666663,1,,,,,,,,,,,
35.25333329,1,10,,,,,,,,,,
35.41999996,3,7,,,,,,,,,,
35.58666663,3,12,,,,,,,,,,
35.75333329,0,6,,,,,,,,,,
35.91999996,0,11,,,,,,,,,,
36.08666663,2,8,,,,,,,,,,
36.2533333,2,,,,,,,,,,,
36.41999996,2,13,,,,,,,,,,
36.58666663,1,5,,,,,,,,,,
36.7533333,1,,,,,,,,,,,
36.91999996,1,10,,,,,,,,,,
37.08666663,3,7,,,,,,,,,,
37.2533333,3,,,,,,,,,,,
37.41999996,3,12,,,,,,,,,,
37.58666663,0,6,,,,,,,,,,
37.7533333,0,,,,,,,,,,,
37.91999997,0,11,,,,,,,,,,
38.08666663,2,8,,,,,,,,,,
38.2533333,2,13,,,,,,,,,,
38.41999997,1,5,,,,,,,,,,
38.58666663,1,10,,,,,,,,,,
38.7533333,1,3,7,,,,,,,,,
38.91999997,1,3,,,,,,,,,,
39.08666663,1,3,12,,,,,,,,,
39.2533333,0,2,6,,,,,,,,,
39.41999997,0,2,,,,,,,,,,
39.58666664,0,2,11,,,,,,,,,
39.7533333,0,2,8,,,,,,,,,
39.91999997,0,2,,,,,,,,,,
40.08666664,0,2,13,,,,,,,,,
40.2533333,1,3,5,,,,,,,,,
40.41999997,1,3,,,,,,,,,,
40.58666664,1,3,10,,,,,,,,,
40.7533333,1,3,7,,,,,,,,,
40.91999997,1,3,12,,,,,,,,,
41.08666664,0,2,6,,,,,,,,,
41.25333331,0,2,11,,,,,,,,,
41.41999997,0,2,8,,,,,,,,,
41.58666664,0,2,,,,,,,,,,
41.75333331,0,2,13,,,,,,,,,
41.91999997,1,3,5,,,,,,,,,
42.08666664,1,3,,,,,,,,,,
42.25333331,1,3,10,,,,,,,,,
42.41999997,1,3,7,,,,,,,,,
42.58666664,1,3,,,,,,,,,,
42.75333331,1,3,12,,,,,,,,,
42.91999998,0,2,6,,,,,,,,,
43.08666664,0,2,,,,,,,,,,
43.25333331,0,2,11,,,,,,,,,
43.41999998,0,2,8,,,,,,,,,
43.58666664,0,2,13,,,,,,,,,
43.75333331,1,3,5,,,,,,,,,
43.91999998,1,3,10,,,,,,,,,
44.08666664,5,7,8,,,,,,,,,
44.25333331,10,12,13,,,,,,,,,
44.41999998,5,6,7,,,,,,,,,
44.58666665,10,11,12,,,,,,,,,
44.75333331,6,7,8,,,,,,,,,
44.91999998,11,12,13,,,,,,,,,
45.08666665,5,6,8,,,,,,,,,
45.25333331,10,11,13,,,,,,,,,
45.41999998,6,7,8,,,,,,,,,
45.58666665,11,12,13,,,,,,,,,
45.75333331,5,6,7,,,,,,,,,
45.91999998,10,11,12,,,,,,,,,
46.08666665,5,7,8,,,,,,,,,
46.25333332,10,12,13,,,,,,,,,
46.41999998,5,6,8,,,,,,,,,
46.58666665,10,11,13,,,,,,,,,
46.75333332,5,7,8,9,,,,,,,,
46.91999998,10,12,13,14,,,,,,,,
47.08666665,5,6,7,9,,,,,,,,
47.25333332,10,11,12,14,,,,,,,,
47.41999998,6,7,8,9,,,,,,,,
47.58666665,11,12,13,14,,,,,,,,
47.75333332,5,6,8,9,,,,,,,,
47.91999999,10,11,13,14,,,,,,,,
48.08666665,6,7,8,9,,,,,,,,
48.25333332,11,12,13,14,,,,,,,,
48.41999999,5,6,7,9,,,,,,,,
48.58666665,10,11,12,14,,,,,,,,
48.75333332,5,7,8,9,,,,,,,,
48.91999999,10,12,13,14,,,,,,,,
49.08666665,5,6,8,9,,,,,,,,
49.25333332,10,11,13,14,,,,,,,,
49.41999999,5,1,7,8,,,,,,,,
49.58666666,10,1,12,13,,,,,,,,
49.75333332,5,6,7,3,,,,,,,,
49.91999999,10,11,12,3,,,,,,,,
50.08666666,0,6,7,8,,,,,,,,
50.25333332,0,11,12,13,,,,,,,,
50.41999999,5,6,2,8,,,,,,,,
50.58666666,10,11,2,13,,,,,,,,
50.75333332,0,6,7,8,,,,,,,,
50.91999999,0,11,12,13,,,,,,,,
51.08666666,5,6,7,3,,,,,,,,
51.25333333,10,11,12,3,,,,,,,,
51.41999999,5,1,7,8,,,,,,,,
51.58666666,10,1,12,13,,,,,,,,
51.75333333,5,6,2,8,,,,,,,,
51.91999999,10,11,2,13,,,,,,,,
52.08666666,5,1,7,8,9,,,,,,,
52.25333333,10,1,12,13,14,,,,,,,
52.42,5,6,7,3,9,,,,,,,
52.58666666,10,11,12,3,14,,,,,,,
52.75333333,0,6,7,8,9,,,,,,,
52.92,0,11,12,13,14,,,,,,,
53.08666666,5,6,2,8,9,,,,,,,
53.25333333,10,11,2,13,14,,,,,,,
53.42,0,6,7,8,9,,,,,,,
53.58666666,0,11,12,13,14,,,,,,,
53.75333333,5,6,7,3,9,,,,,,,
53.92,10,11,12,3,14,,,,,,,
54.08666667,5,1,7,8,9,,,,,,,
54.25333333,10,1,12,13,14,,,,,,,
54.42,5,6,2,8,9,,,,,,,
54.58666667,10,11,2,13,14,,,,,,,
54.75333333,9,,,,,,,,,,,
56.08666667,5,6,7,8,,,,,,,,
56.75333333,,,,,,,,,,,,
56.92,13,14,,,,,,,,,,
56.97555556,12,,,,,,,,,,,
57.03111111,11,,,,,,,,,,,
57.08666667,4,10,,,,,,,,,,
57.42,3,6,,,,,,,,,,
57.50333333,2,,,,,,,,,,,
57.58666667,3,11,,,,,,,,,,
57.67,2,,,,,,,,,,,
57.75333333,3,5,,,,,,,,,,
57.83666667,2,,,,,,,,,,,
57.92,3,10,,,,,,,,,,
58.00333333,2,,,,,,,,,,,
58.08666667,3,9,,,,,,,,,,
58.17,2,,,,,,,,,,,
58.25333333,3,14,,,,,,,,,,
58.33666666,2,,,,,,,,,,,
58.42,3,6,,,,,,,,,,
58.50333333,2,,,,,,,,,,,
58.58666666,3,11,,,,,,,,,,
58.67,2,,,,,,,,,,,
58.75333333,3,5,,,,,,,,,,
58.83666666,2,,,,,,,,,,,
58.92,3,10,,,,,,,,,,
59.00333333,2,,,,,,,,,,,
59.08666666,3,9,,,,,,,,,,
59.16999999,2,,,,,,,,,,,
59.25333333,3,14,,,,,,,,,,
59.33666666,2,,,,,,,,,,,
59.41999999,3,6,,,,,,,,,,
59.50333333,2,,,,,,,,,,,
59.58666666,3,11,,,,,,,,,,
59.66999999,2,,,,,,,,,,,
59.75333332,3,5,,,,,,,,,,
59.83666666,2,,,,,,,,,,,
59.91999999,3,10,,,,,,,,,,
60.00333332,2,,,,,,,,,,,
60.08666666,3,6,,,,,,,,,,
60.16999999,2,,,,,,,,,,,
60.25333332,3,11,,,,,,,,,,
60.33666666,2,,,,,,,,,,,
60.41999999,3,9,,,,,,,,,,
60.50333332,2,,,,,,,,,,,
60.58666665,3,14,,,,,,,,,,
60.66999999,2,,,,,,,,,,,
60.75333332,3,5,,,,,,,,,,
60.83666665,2,,,,,,,,,,,
60.91999999,3,10,,,,,,,,,,
61.00333332,2,,,,,,,,,,,
61.08666665,3,6,,,,,,,,,,
61.16999999,2,,,,,,,,,,,
61.25333332,3,11,,,,,,,,,,
61.33666665,2,,,,,,,,,,,
61.41999998,3,9,,,,,,,,,,
61.50333332,2,,,,,,,,,,,
61.58666665,3,14,,,,,,,,,,
61.66999998,2,,,,,,,,,,,
61.75333332,3,5,,,,,,,,,,
61.83666665,2,,,,,,,,,,,
61.91999998,3,10,,,,,,,,,,
62.00333332,2,,,,,,,,,,,
62.08666665,3,6,,,,,,,,,,
62.16999998,2,,,,,,,,,,,
62.25333331,3,11,,,,,,,,,,
62.33666665,2,,,,,,,,,,,
62.41999998,3,9,,,,,,,,,,
62.50333331,2,,,,,,,,,,,
62.58666665,3,14,,,,,,,,,,
62.66999998,2,,,,,,,,,,,
62.75333331,0,8,,,,,,,,,,
62.83666665,1,,,,,,,,,,,
62.91999998,0,13,,,,,,,,,,
63.00333331,1,,,,,,,,,,,
63.08666664,0,7,,,,,,,,,,
63.16999998,1,,,,,,,,,,,
63.25333331,0,12,,,,,,,,,,
63.33666664,1,,,,,,,,,,,
63.41999998,0,9,,,,,,,,,,
63.50333331,1,,,,,,,,,,,
63.58666664,0,14,,,,,,,,,,
63.66999998,1,,,,,,,,,,,
63.75333331,0,8,,,,,,,,,,
63.83666664,1,,,,,,,,,,,
63.91999997,0,13,,,,,,,,,,
64.00333331,1,,,,,,,,,,,
64.08666664,0,7,,,,,,,,,,
64.16999997,1,,,,,,,,,,,
64.25333331,0,12,,,,,,,,,,
64.33666664,1,,,,,,,,,,,
64.41999997,0,9,,,,,,,,,,
64.50333331,1,,,,,,,,,,,
64.58666664,0,14,,,,,,,,,,
64.66999997,1,,,,,,,,,,,
64.7533333,0,8,,,,,,,,,,
64.83666664,1,,,,,,,,,,,
64.91999997,0,13,,,,,,,,,,
65.0033333,1,,,,,,,,,,,
65.08666664,0,7,,,,,,,,,,
65.16999997,1,,,,,,,,,,,
65.2533333,0,12,,,,,,,,,,
65.33666664,1,,,,,,,,,,,
65.41999997,0,8,,,,,,,,,,
65.5033333,1,,,,,,,,,,,
65.58666663,0,13,,,,,,,,,,
65.66999997,1,,,,,,,,,,,
65.7533333,0,9,,,,,,,,,,
65.83666663,1,,,,,,,,,,,
65.91999997,0,14,,,,,,,,,,
66.0033333,1,,,,,,,,,,,
66.08666663,0,7,,,,,,,,,,
66.16999997,1,,,,,,,,,,,
66.2533333,0,12,,,,,,,,,,
66.33666663,1,,,,,,,,,,,
66.41999996,0,8,,,,,,,,,,
66.5033333,1,,,,,,,,,,,
66.58666663,0,13,,,,,,,,,,
66.66999996,1,,,,,,,,,,,
66.7533333,0,9,,,,,,,,,,
66.83666663,1,,,,,,,,,,,
66.91999996,0,14,,,,,,,,,,
67.0033333,1,,,,,,,,,,,
67.08666663,0,7,,,,,,,,,,
67.16999996,1,,,,,,,,,,,
67.25333329,0,12,,,,,,,,,,
67.33666663,1,,,,,,,,,,,
67.41999996,0,8,,,,,,,,,,
67.50333329,1,,,,,,,,,,,
67.58666663,0,13,,,,,,,,,,
67.66999996,1,,,,,,,,,,,
67.75333329,0,9,,,,,,,,,,
67.83666663,1,,,,,,,,,,,
67.91999996,0,14,,,,,,,,,,
68.00333329,1,,,,,,,,,,,
68.08666662,3,,,,,,,,,,,
68.16999996,2,,,,,,,,,,,
68.25333329,0,,,,,,,,,,,
68.33666662,3,,,,,,,,,,,
68.41999996,1,,,,,,,,,,,
68.50333329,2,,,,,,,,,,,
68.58666662,3,,,,,,,,,,,
68.66999996,0,,,,,,,,,,,
68.75333329,2,,,,,,,,,,,
68.83666662,1,,,,,,,,,,,
68.91999995,0,,,,,,,,,,,
69.00333329,1,,,,,,,,,,,
69.08666662,3,,,,,,,,,,,
69.16999995,1,,,,,,,,,,,
69.25333329,3,,,,,,,,,,,
69.33666662,0,,,,,,,,,,,
69.41999995,2,,,,,,,,,,,
69.50333329,1,,,,,,,,,,,
69.58666662,3,,,,,,,,,,,
69.66999995,0,,,,,,,,,,,
69.75333328,1,,,,,,,,,,,
69.83666662,2,,,,,,,,,,,
69.91999995,1,,,,,,,,,,,
70.00333328,2,,,,,,,,,,,
70.08666662,0,,,,,,,,,,,
70.16999995,3,,,,,,,,,,,
70.25333328,1,,,,,,,,,,,
70.33666662,3,,,,,,,,,,,
70.41999995,2,,,,,,,,,,,
70.50333328,0,,,,,,,,,,,
70.58666661,1,,,,,,,,,,,
70.66999995,2,,,,,,,,,,,
70.75333328,0,,,,,,,,,,,
70.83666661,3,,,,,,,,,,,
70.91999995,2,,,,,,,,,,,
71.00333328,0,,,,,,,,,,,
71.08666661,1,,,,,,,,,,,
71.16999995,3,,,,,,,,,,,
71.25333328,1,,,,,,,,,,,
71.33666661,3,,,,,,,,,,,
71.41999994,1,,,,,,,,,,,
71.50333328,2,,,,,,,,,,,
71.58666661,0,,,,,,,,,,,
71.66999994,3,,,,,,,,,,,
71.75333328,1,,,,,,,,,,,
71.83666661,2,,,,,,,,,,,
71.91999994,0,,,,,,,,,,,
72.00333328,2,,,,,,,,,,,
72.08666661,1,,,,,,,,,,,
72.16999994,3,,,,,,,,,,,
72.25333327,2,,,,,,,,,,,
72.33666661,1,,,,,,,,,,,
72.41999994,0,,,,,,,,,,,
72.50333327,3,,,,,,,,,,,
72.58666661,1,,,,,,,,,,,
72.66999994,3,,,,,,,,,,,
72.75333327,0,,,,,,,,,,,
72.83666661,2,,,,,,,,,,,
72.91999994,1,,,,,,,,,,,
73.00333327,3,,,,,,,,,,,
73.0866666,0,,,,,,,,,,,
73.16999994,1,,,,,,,,,,,
73.25333327,3,,,,,,,,,,,
73.3366666,2,,,,,,,,,,,
73.41999994,4,,,,,,,,,,,
73.50333327,1,,,,,,,,,,,
73.5866666,0,,,,,,,,,,,
73.66999994,1,,,,,,,,,,,
73.75333327,4,,,,,,,,,,,
73.8366666,0,,,,,,,,,,,
73.91999993,3,,,,,,,,,,,
74.00333327,1,,,,,,,,,,,
74.0866666,4,,,,,,,,,,,
74.16999993,2,,,,,,,,,,,
74.25333327,1,,,,,,,,,,,
74.3366666,0,,,,,,,,,,,
74.41999993,4,,,,,,,,,,,
74.50333327,3,,,,,,,,,,,
74.5866666,1,,,,,,,,,,,
74.66999993,2,,,,,,,,,,,
74.75333326,4,,,,,,,,,,,
74.8366666,2,,,,,,,,,,,
74.91999993,1,,,,,,,,,,,
75.00333326,0,,,,,,,,,,,
75.0866666,4,,,,,,,,,,,
75.16999993,2,,,,,,,,,,,
75.25333326,1,,,,,,,,,,,
75.3366666,2,,,,,,,,,,,
75.41999993,4,,,,,,,,,,,
75.50333326,0,,,,,,,,,,,
75.58666659,3,,,,,,,,,,,
75.66999993,2,,,,,,,,,,,
75.75333326,4,,,,,,,,,,,
75.83666659,1,,,,,,,,,,,
75.91999993,0,,,,,,,,,,,
76.00333326,2,,,,,,,,,,,
76.08666659,4,,,,,,,,,,,
76.16999993,3,,,,,,,,,,,
76.25333326,1,,,,,,,,,,,
76.33666659,0,,,,,,,,,,,
76.41999992,4,,,,,,,,,,,
76.50333326,2,,,,,,,,,,,
76.58666659,0,,,,,,,,,,,
76.66999992,1,,,,,,,,,,,
76.75333326,4,,,,,,,,,,,
76.83666659,1,,,,,,,,,,,
76.91999992,3,,,,,,,,,,,
77.00333326,2,,,,,,,,,,,
77.08666659,4,,,,,,,,,,,
77.16999992,1,,,,,,,,,,,
77.25333325,0,,,,,,,,,,,
77.33666659,3,,,,,,,,,,,
77.41999992,4,,,,,,,,,,,
77.50333325,2,,,,,,,,,,,
77.58666659,1,,,,,,,,,,,
77.66999992,0,,,,,,,,,,,
77.75333325,4,,,,,,,,,,,
77.83666659,3,,,,,,,,,,,
77.91999992,2,,,,,,,,,,,
78.00333325,1,,,,,,,,,,,
78.08666658,4,,,,,,,,,,,
78.16999992,2,,,,,,,,,,,
78.25333325,0,,,,,,,,,,,
78.33666658,1,,,,,,,,,,,
78.41999992,4,,,,,,,,,,,
78.50333325,,,,,,,,,,,,
78.58666658,,,,,,,,,,,,
78.66999992,,,,,,,,,,,,
78.75333325,9,,,,,,,,,,,
78.91999992,8,,,,,,,,,,,
79.08666658,7,,,,,,,,,,,
79.25333325,6,,,,,,,,,,,
79.41999992,5,,,,,,,,,,,
79.58666658,,,,,,,,,,,,
79.75333325,10,11,12,13,14,,,,,,,
79.91999992,,,,,,,,,,,,
80.08666658,9,,,,,,,,,,,
80.25333325,8,,,,,,,,,,,
80.41999992,7,,,,,,,,,,,
80.58666659,6,,,,,,,,,,,
80.75333325,5,,,,,,,,,,,
80.91999992,,,,,,,,,,,,
81.08666659,10,11,12,13,14,,,,,,,
81.25333325,,,,,,,,,,,,
81.41999992,9,,,,,,,,,,,
81.58666659,5,,,,,,,,,,,
81.75333325,6,,,,,,,,,,,
81.91999992,7,,,,,,,,,,,
82.08666659,8,,,,,,,,,,,
82.25333326,,,,,,,,,,,,
82.41999992,10,11,12,13,14,,,,,,,
82.58666659,,,,,,,,,,,,
82.75333326,9,,,,,,,,,,,
82.91999992,5,,,,,,,,,,,
83.08666659,6,,,,,,,,,,,
83.25333326,7,,,,,,,,,,,
83.41999992,8,,,,,,,,,,,
83.58666659,,,,,,,,,,,,
83.75333326,10,11,12,13,14,,,,,,,
83.91999993,,,,,,,,,,,,
84.08666659,8,,,,,,,,,,,
84.25333326,7,,,,,,,,,,,
84.41999993,6,,,,,,,,,,,
84.58666659,5,,,,,,,,,,,
84.75333326,9,,,,,,,,,,,
84.91999993,,,,,,,,,,,,
85.08666659,10,11,12,13,14,,,,,,,
85.25333326,,,,,,,,,,,,
85.41999993,8,,,,,,,,,,,
85.5866666,7,,,,,,,,,,,
85.75333326,6,,,,,,,,,,,
85.91999993,5,,,,,,,,,,,
86.0866666,9,,,,,,,,,,,
86.25333326,,,,,,,,,,,,
86.41999993,10,11,12,13,14,,,,,,,
86.5866666,,,,,,,,,,,,
86.75333326,5,,,,,,,,,,,
86.91999993,6,,,,,,,,,,,
87.0866666,7,,,,,,,,,,,
87.25333327,8,,,,,,,,,,,
87.41999993,9,,,,,,,,,,,
87.5866666,,,,,,,,,,,,
87.75333327,,,,,,,,,,,,
87.91999993,10,11,12,13,14,,,,,,,
88.0866666,,,,,,,,,,,,
88.25333327,0,1,2,3,,,,,,,,
88.41999993,0,1,2,3,,,,,,,,
88.5866666,0,1,2,3,,,,,,,,
88.75333327,0,1,2,3,,,,,,,,
88.91999994,0,1,2,3,,,,,,,,
89.0866666,0,1,2,3,,,,,,,,
89.25333327,0,1,2,3,,,,,,,,
89.41999994,,,,,,,,,,,,
89.5866666,2,3,,,,,,,,,,
89.75333327,0,1,,,,,,,,,,
89.91999994,1,2,,,,,,,,,,
90.0866666,,,,,,,,,,,,
90.25333327,2,3,,,,,,,,,,
90.41999994,0,1,,,,,,,,,,
90.58666661,1,2,,,,,,,,,,
90.75333327,,,,,,,,,,,,
90.91999994,0,1,,,,,,,,,,
91.08666661,2,3,,,,,,,,,,
91.25333327,1,2,,,,,,,,,,
91.41999994,,,,,,,,,,,,
91.58666661,0,1,,,,,,,,,,
91.75333327,2,3,,,,,,,,,,
91.91999994,1,2,,,,,,,,,,
92.08666661,,,,,,,,,,,,
92.25333328,2,3,,,,,,,,,,
92.41999994,1,2,,,,,,,,,,
92.58666661,0,1,,,,,,,,,,
92.75333328,,,,,,,,,,,,
92.91999994,2,3,,,,,,,,,,
93.08666661,1,2,,,,,,,,,,
93.25333328,0,1,,,,,,,,,,
93.41999994,,,,,,,,,,,,
93.58666661,0,1,,,,,,,,,,
93.75333328,1,2,,,,,,,,,,
93.91999995,2,3,,,,,,,,,,
94.08666661,,,,,,,,,,,,
94.25333328,0,1,,,,,,,,,,
94.41999995,1,2,,,,,,,,,,
94.58666661,2,3,,,,,,,,,,
94.75333328,,,,,,,,,,,,
94.91999995,2,3,,,,,,,,,,
95.08666661,1,2,,,,,,,,,,
95.25333328,0,1,,,,,,,,,,
95.41999995,2,3,,,,,,,,,,
95.58666662,1,2,,,,,,,,,,
95.75333328,0,1,,,,,,,,,,
95.91999995,2,3,,,,,,,,,,
96.08666662,,,,,,,,,,,,
96.25333328,2,3,,,,,,,,,,
96.41999995,1,2,,,,,,,,,,
96.58666662,0,1,,,,,,,,,,
96.75333328,2,3,,,,,,,,,,
96.91999995,1,2,,,,,,,,,,
97.08666662,0,1,,,,,,,,,,
97.25333329,2,3,,,,,,,,,,
97.41999995,9,,,,,,,,,,,
97.75333329,3,,,,,,,,,,,
97.83666662,2,,,,,,,,,,,
97.91999995,1,,,,,,,,,,,
98.00333328,0,,,,,,,,,,,
98.08666662,3,,,,,,,,,,,
98.16999995,1,,,,,,,,,,,
98.25333328,,,,,,,,,,,,
98.33666662,2,,,,,,,,,,,
98.41999995,0,,,,,,,,,,,
98.50333328,,,,,,,,,,,,
98.58666662,3,,,,,,,,,,,
98.66999995,1,,,,,,,,,,,
98.75333328,2,,,,,,,,,,,
98.83666661,0,,,,,,,,,,,
98.91999995,2,,,,,,,,,,,
99.00333328,0,,,,,,,,,,,
99.08666661,2,,,,,,,,,,,
99.16999995,0,,,,,,,,,,,
99.25333328,2,,,,,,,,,,,
99.33666661,0,,,,,,,,,,,
99.41999995,2,,,,,,,,,,,
99.50333328,0,,,,,,,,,,,
99.58666661,2,,,,,,,,,,,
99.66999994,0,,,,,,,,,,,
99.75333328,2,,,,,,,,,,,
99.83666661,0,,,,,,,,,,,
99.91999994,2,,,,,,,,,,,
100.0033333,0,,,,,,,,,,,
100.0866666,7,,,,,,,,,,,
100.1699999,,,,,,,,,,,,
100.2533333,,,,,,,,,,,,
100.3366666,,,,,,,,,,,,
100.4199999,3,5,,,,,,,,,,
100.5033333,1,,,,,,,,,,,
100.5866666,3,,,,,,,,,,,
100.6699999,1,,,,,,,,,,,
100.7533333,3,,,,,,,,,,,
100.8366666,1,,,,,,,,,,,
100.9199999,3,,,,,,,,,,,
101.0033333,1,,,,,,,,,,,
101.0866666,3,,,,,,,,,,,
101.1699999,1,,,,,,,,,,,
101.2533333,3,,,,,,,,,,,
101.3366666,1,,,,,,,,,,,
101.4199999,8,,,,,,,,,,,
102.0866666,6,,,,,,,,,,,
102.7533333,10,,,,,,,,,,,
102.8088888,11,,,,,,,,,,,
102.8644444,12,,,,,,,,,,,
102.9199999,13,14,,,,,,,,,,
104.0866666,,,,,,,,,,,,
105.4199999,9,,,,,,,,,,,
106.0866666,2,3,,,,,,,,,,
106.2533333,1,2,,,,,,,,,,
106.4199999,0,1,,,,,,,,,,
106.5866666,1,2,,,,,,,,,,
106.7533333,,,,,,,,,,,,
106.9199999,2,3,,,,,,,,,,
107.0866666,1,2,,,,,,,,,,
107.2533333,0,1,,,,,,,,,,
107.4199999,,,,,,,,,,,,
107.5866666,0,14,,,,,,,,,,
107.6422222,1,,,,,,,,,,,
107.6977777,2,,,,,,,,,,,
107.7533333,3,4,,,,,,,,,,
107.9199999,,,,,,,,,,,,
108.0866666,1,,,,,,,,,,,
108.1699999,0,,,,,,,,,,,
108.2533333,1,,,,,,,,,,,
108.3366666,3,,,,,,,,,,,
108.4199999,1,,,,,,,,,,,
108.5033333,2,,,,,,,,,,,
108.5866666,0,,,,,,,,,,,
108.6699999,3,,,,,,,,,,,
108.7533333,1,,,,,,,,,,,
108.8366666,3,,,,,,,,,,,
108.9199999,2,,,,,,,,,,,
109.0033333,0,,,,,,,,,,,
109.0866666,1,,,,,,,,,,,
109.1699999,2,,,,,,,,,,,
109.2533333,3,,,,,,,,,,,
109.3366666,0,,,,,,,,,,,
109.4199999,1,,,,,,,,,,,
109.5033333,3,,,,,,,,,,,
109.5866666,2,,,,,,,,,,,
109.6699999,0,,,,,,,,,,,
109.7533333,1,,,,,,,,,,,
109.8366666,2,,,,,,,,,,,
109.9199999,0,,,,,,,,,,,
110.0033333,3,,,,,,,,,,,
110.0866666,1,,,,,,,,,,,
110.1699999,2,,,,,,,,,,,
110.2533333,3,,,,,,,,,,,
110.3366666,1,,,,,,,,,,,
110.4199999,0,,,,,,,,,,,
110.5033333,2,,,,,,,,,,,
110.5866666,0,,,,,,,,,,,
110.6699999,1,,,,,,,,,,,
110.7533333,3,,,,,,,,,,,
110.8366666,0,,,,,,,,,,,
110.9199999,1,,,,,,,,,,,
111.0033333,3,,,,,,,,,,,
111.0866666,2,,,,,,,,,,,
111.1699999,3,,,,,,,,,,,
111.2533333,2,,,,,,,,,,,
111.3366666,1,,,,,,,,,,,
111.4199999,0,,,,,,,,,,,
111.5033333,3,,,,,,,,,,,
111.5866666,2,,,,,,,,,,,
111.6699999,0,,,,,,,,,,,
111.7533333,1,,,,,,,,,,,
111.8366666,3,,,,,,,,,,,
111.9199999,2,,,,,,,,,,,
112.0033333,3,,,,,,,,,,,
112.0866666,1,,,,,,,,,,,
112.1699999,2,,,,,,,,,,,
112.2533333,3,,,,,,,,,,,
112.3366666,1,,,,,,,,,,,
112.4199999,0,,,,,,,,,,,
112.5033333,1,,,,,,,,,,,
112.5866666,2,,,,,,,,,,,
112.6699999,3,,,,,,,,,,,
112.7533333,0,,,,,,,,,,,
112.8366666,3,,,,,,,,,,,
112.9199999,2,,,,,,,,,,,
113.0033333,3,,,,,,,,,,,
113.0866666,1,,,,,,,,,,,
113.1699999,2,,,,,,,,,,,
113.2533333,3,,,,,,,,,,,
113.3366666,0,,,,,,,,,,,
113.4199999,1,,,,,,,,,,,
113.5033333,3,,,,,,,,,,,
113.5866666,0,,,,,,,,,,,
113.6699999,1,,,,,,,,,,,
113.7533333,2,,,,,,,,,,,
113.8366666,3,,,,,,,,,,,
113.9199999,2,,,,,,,,,,,
114.0033333,0,,,,,,,,,,,
114.0866666,1,,,,,,,,,,,
114.1699999,3,,,,,,,,,,,
114.2533333,2,,,,,,,,,,,
114.3366666,1,,,,,,,,,,,
114.4199999,0,,,,,,,,,,,
114.5033333,3,,,,,,,,,,,
114.5866666,2,,,,,,,,,,,
114.6699999,1,,,,,,,,,,,
114.7533333,0,,,,,,,,,,,
114.8366666,2,,,,,,,,,,,
114.9199999,1,,,,,,,,,,,
115.0033332,0,,,,,,,,,,,
115.0866666,2,,,,,,,,,,,
115.1699999,3,,,,,,,,,,,
115.2533332,1,,,,,,,,,,,
115.3366666,0,,,,,,,,,,,
115.4199999,1,,,,,,,,,,,
115.5033332,2,,,,,,,,,,,
115.5866666,3,,,,,,,,,,,
115.6699999,1,,,,,,,,,,,
115.7533332,0,,,,,,,,,,,
115.8366666,1,,,,,,,,,,,
115.9199999,2,,,,,,,,,,,
116.0033332,3,,,,,,,,,,,
116.0866666,4,,,,,,,,,,,
116.1699999,0,,,,,,,,,,,
116.2533332,2,,,,,,,,,,,
116.3366666,0,,,,,,,,,,,
116.4199999,4,,,,,,,,,,,
116.5033332,1,,,,,,,,,,,
116.5866666,2,,,,,,,,,,,
116.6699999,0,,,,,,,,,,,
116.7533332,4,,,,,,,,,,,
116.8366666,2,,,,,,,,,,,
116.9199999,3,,,,,,,,,,,
117.0033332,1,,,,,,,,,,,
117.0866666,4,,,,,,,,,,,
117.1699999,0,,,,,,,,,,,
117.2533332,1,,,,,,,,,,,
117.3366666,2,,,,,,,,,,,
117.4199999,4,,,,,,,,,,,
117.5033332,0,,,,,,,,,,,
117.5866666,2,,,,,,,,,,,
117.6699999,3,,,,,,,,,,,
117.7533332,4,,,,,,,,,,,
117.8366666,0,,,,,,,,,,,
117.9199999,2,,,,,,,,,,,
118.0033332,3,,,,,,,,,,,
118.0866666,4,,,,,,,,,,,
118.1699999,0,,,,,,,,,,,
118.2533332,2,,,,,,,,,,,
118.3366666,3,,,,,,,,,,,
118.4199999,4,,,,,,,,,,,
118.5033332,2,,,,,,,,,,,
118.5866666,1,,,,,,,,,,,
118.6699999,0,,,,,,,,,,,
118.7533332,4,,,,,,,,,,,
118.8366666,3,,,,,,,,,,,
118.9199999,1,,,,,,,,,,,
119.0033332,2,,,,,,,,,,,
119.0866666,4,,,,,,,,,,,
119.1699999,0,,,,,,,,,,,
119.2533332,1,,,,,,,,,,,
119.3366666,2,,,,,,,,,,,
119.4199999,4,,,,,,,,,,,
119.5033332,3,,,,,,,,,,,
119.5866666,1,,,,,,,,,,,
119.6699999,2,,,,,,,,,,,
119.7533332,4,,,,,,,,,,,
119.8366666,1,,,,,,,,,,,
119.9199999,0,,,,,,,,,,,
120.0033332,1,,,,,,,,,,,
120.0866666,4,,,,,,,,,,,
120.1699999,3,,,,,,,,,,,
120.2533332,2,,,,,,,,,,,
120.3366666,1,,,,,,,,,,,
120.4199999,4,,,,,,,,,,,
120.5033332,3,,,,,,,,,,,
120.5866666,2,,,,,,,,,,,
120.6699999,3,,,,,,,,,,,
120.7533332,4,,,,,,,,,,,
120.8366666,0,,,,,,,,,,,
120.9199999,2,,,,,,,,,,,
121.0033332,1,,,,,,,,,,,
121.0866666,4,,,,,,,,,,,
121.1699999,2,,,,,,,,,,,
121.2533332,0,,,,,,,,,,,
121.3366666,1,,,,,,,,,,,
121.4199999,4,,,,,,,,,,,
121.5033332,1,,,,,,,,,,,
121.5866666,0,,,,,,,,,,,
121.6699999,1,,,,,,,,,,,
121.7533332,4,,,,,,,,,,,
121.8366666,2,,,,,,,,,,,
121.9199999,1,,,,,,,,,,,
122.0033332,0,,,,,,,,,,,
122.0866666,4,,,,,,,,,,,
122.1699999,2,,,,,,,,,,,
122.2533332,3,,,,,,,,,,,
122.3366666,1,,,,,,,,,,,
122.4199999,4,,,,,,,,,,,
122.5033332,2,,,,,,,,,,,
122.5866666,1,,,,,,,,,,,
122.6699999,0,,,,,,,,,,,
122.7533332,4,,,,,,,,,,,
122.8366666,3,,,,,,,,,,,
122.9199999,1,,,,,,,,,,,
123.0033332,0,,,,,,,,,,,
123.0866666,4,,,,,,,,,,,
123.1699999,1,,,,,,,,,,,
123.2533332,0,,,,,,,,,,,
123.3366665,2,,,,,,,,,,,
123.4199999,4,,,,,,,,,,,
123.5033332,0,,,,,,,,,,,
123.5866665,1,,,,,,,,,,,
123.6699999,3,,,,,,,,,,,
123.7533332,4,,,,,,,,,,,
123.8366665,1,,,,,,,,,,,
123.9199999,2,,,,,,,,,,,
124.0033332,0,,,,,,,,,,,
124.0866665,4,,,,,,,,,,,
124.1699999,3,,,,,,,,,,,
124.2533332,0,,,,,,,,,,,
124.3366665,2,,,,,,,,,,,
124.4199999,4,,,,,,,,,,,
124.5033332,2,,,,,,,,,,,
124.5866665,3,,,,,,,,,,,
124.6699999,0,,,,,,,,,,,
124.7533332,4,,,,,,,,,,,
124.8366665,2,,,,,,,,,,,
124.9199999,3,,,,,,,,,,,
125.0033332,1,,,,,,,,,,,
125.0866665,4,,,,,,,,,,,
125.1699999,0,,,,,,,,,,,
125.2533332,1,,,,,,,,,,,
125.3366665,3,,,,,,,,,,,
125.4199999,4,,,,,,,,,,,
126.7533332,2,9,,,,,,,,,,
126.8366665,1,,,,,,,,,,,
126.9199999,0,,,,,,,,,,,
127.0033332,2,,,,,,,,,,,
127.0866665,1,,,,,,,,,,,
127.1699999,2,,,,,,,,,,,
127.2533332,3,,,,,,,,,,,
127.3366665,0,,,,,,,,,,,
127.4199999,1,,,,,,,,,,,
127.5033332,2,,,,,,,,,,,
127.5866665,3,,,,,,,,,,,
127.6699999,1,,,,,,,,,,,
127.7533332,0,,,,,,,,,,,
127.8366665,2,,,,,,,,,,,
127.9199999,1,,,,,,,,,,,
128.0033332,3,,,,,,,,,,,
128.0866665,1,5,14,,,,,,,,,
128.1699999,2,,,,,,,,,,,
128.2533332,1,,,,,,,,,,,
128.3366665,2,,,,,,,,,,,
128.4199999,1,,,,,,,,,,,
128.5033332,3,,,,,,,,,,,
128.5866665,1,,,,,,,,,,,
128.6699999,2,,,,,,,,,,,
128.7533332,4,,,,,,,,,,,
128.8366665,2,,,,,,,,,,,
128.9199999,1,,,,,,,,,,,
129.0033332,0,,,,,,,,,,,
129.0866665,2,,,,,,,,,,,
129.1699999,3,,,,,,,,,,,
129.2533332,0,,,,,,,,,,,
129.3366665,1,,,,,,,,,,,
129.4199999,2,9,10,,,,,,,,,
129.5033332,0,,,,,,,,,,,
129.5866665,2,,,,,,,,,,,
129.6699999,1,,,,,,,,,,,
129.7533332,2,,,,,,,,,,,
129.8366665,3,,,,,,,,,,,
129.9199999,0,,,,,,,,,,,
130.0033332,1,,,,,,,,,,,
130.0866665,2,,,,,,,,,,,
130.1699999,3,,,,,,,,,,,
130.2533332,0,,,,,,,,,,,
130.3366665,1,,,,,,,,,,,
130.4199999,2,,,,,,,,,,,
130.5033332,3,,,,,,,,,,,
130.5866665,0,,,,,,,,,,,
130.6699999,1,,,,,,,,,,,
130.7533332,2,6,14,,,,,,,,,
130.8366665,0,,,,,,,,,,,
130.9199999,3,,,,,,,,,,,
131.0033332,0,,,,,,,,,,,
131.0866665,2,,,,,,,,,,,
131.1699999,3,,,,,,,,,,,
131.2533332,0,,,,,,,,,,,
131.3366665,2,,,,,,,,,,,
131.4199999,4,,,,,,,,,,,
131.5033332,2,,,,,,,,,,,
131.5866665,3,,,,,,,,,,,
131.6699999,0,,,,,,,,,,,
131.7533332,3,,,,,,,,,,,
131.8366665,2,,,,,,,,,,,
131.9199999,3,,,,,,,,,,,
132.0033332,2,,,,,,,,,,,
132.0866665,0,9,11,,,,,,,,,
132.1699999,2,,,,,,,,,,,
132.2533332,0,,,,,,,,,,,
132.3366665,3,,,,,,,,,,,
132.4199999,2,,,,,,,,,,,
132.5033332,1,,,,,,,,,,,
132.5866665,0,,,,,,,,,,,
132.6699999,2,,,,,,,,,,,
132.7533332,1,,,,,,,,,,,
132.8366665,0,,,,,,,,,,,
132.9199998,2,,,,,,,,,,,
133.0033332,1,,,,,,,,,,,
133.0866665,0,,,,,,,,,,,
133.1699998,2,,,,,,,,,,,
133.2533332,3,,,,,,,,,,,
133.3366665,1,,,,,,,,,,,
133.4199998,0,7,14,,,,,,,,,
133.5033332,3,,,,,,,,,,,
133.5866665,1,,,,,,,,,,,
133.6699998,0,,,,,,,,,,,
133.7533332,1,,,,,,,,,,,
133.8366665,3,,,,,,,,,,,
133.9199998,0,,,,,,,,,,,
134.0033332,1,,,,,,,,,,,
134.0866665,4,,,,,,,,,,,
134.1699998,0,,,,,,,,,,,
134.2533332,3,,,,,,,,,,,
134.3366665,1,,,,,,,,,,,
134.4199998,0,,,,,,,,,,,
134.5033332,1,,,,,,,,,,,
134.5866665,0,,,,,,,,,,,
134.6699998,3,,,,,,,,,,,
134.7533332,0,9,12,,,,,,,,,
134.8366665,1,,,,,,,,,,,
134.9199998,2,,,,,,,,,,,
135.0033332,0,,,,,,,,,,,
135.0866665,1,,,,,,,,,,,
135.1699998,2,,,,,,,,,,,
135.2533332,0,,,,,,,,,,,
135.3366665,1,,,,,,,,,,,
135.4199998,3,,,,,,,,,,,
135.5033332,0,,,,,,,,,,,
135.5866665,1,,,,,,,,,,,
135.6699998,2,,,,,,,,,,,
135.7533332,0,,,,,,,,,,,
135.8366665,1,,,,,,,,,,,
135.9199998,2,,,,,,,,,,,
136.0033332,1,,,,,,,,,,,
136.0866665,0,8,14,,,,,,,,,
136.1699998,1,,,,,,,,,,,
136.2533332,2,,,,,,,,,,,
136.3366665,1,,,,,,,,,,,
136.4199998,0,,,,,,,,,,,
136.5033332,2,,,,,,,,,,,
136.5866665,0,,,,,,,,,,,
136.6699998,1,,,,,,,,,,,
136.7533332,4,,,,,,,,,,,
136.8366665,2,,,,,,,,,,,
136.9199998,1,,,,,,,,,,,
137.0033332,0,,,,,,,,,,,
137.0866665,1,,,,,,,,,,,
137.1699998,2,,,,,,,,,,,
137.2533332,1,,,,,,,,,,,
137.3366665,0,,,,,,,,,,,
137.4199998,1,9,13,,,,,,,,,
137.5033332,2,,,,,,,,,,,
137.5866665,0,,,,,,,,,,,
137.6699998,1,,,,,,,,,,,
137.7533332,2,,,,,,,,,,,
137.8366665,0,,,,,,,,,,,
137.9199998,3,,,,,,,,,,,
138.0033332,2,,,,,,,,,,,
138.0866665,0,,,,,,,,,,,
138.1699998,1,,,,,,,,,,,
138.2533332,3,,,,,,,,,,,
138.3366665,0,,,,,,,,,,,
138.4199998,2,,,,,,,,,,,
138.5033332,1,,,,,,,,,,,
138.5866665,2,,,,,,,,,,,
138.6699998,3,,,,,,,,,,,
138.7533332,1,5,14,,,,,,,,,
138.8366665,2,,,,,,,,,,,
138.9199998,3,,,,,,,,,,,
139.0033332,2,,,,,,,,,,,
139.0866665,1,,,,,,,,,,,
139.1699998,2,,,,,,,,,,,
139.2533332,3,,,,,,,,,,,
139.3366665,1,,,,,,,,,,,
139.4199998,4,,,,,,,,,,,
139.5033332,1,,,,,,,,,,,
139.5866665,2,,,,,,,,,,,
139.6699998,3,,,,,,,,,,,
139.7533332,2,,,,,,,,,,,
139.8366665,1,,,,,,,,,,,
139.9199998,2,,,,,,,,,,,
140.0033332,1,,,,,,,,,,,
140.0866665,3,9,10,,,,,,,,,
140.1699998,0,,,,,,,,,,,
140.2533332,2,,,,,,,,,,,
140.3366665,1,,,,,,,,,,,
140.4199998,0,,,,,,,,,,,
140.5033332,2,,,,,,,,,,,
140.5866665,1,,,,,,,,,,,
140.6699998,3,,,,,,,,,,,
140.7533332,0,,,,,,,,,,,
140.8366665,2,,,,,,,,,,,
140.9199998,1,,,,,,,,,,,
141.0033332,0,,,,,,,,,,,
141.0866665,2,,,,,,,,,,,
141.1699998,1,,,,,,,,,,,
141.2533331,0,,,,,,,,,,,
141.3366665,3,,,,,,,,,,,
141.4199998,0,6,14,,,,,,,,,
141.5033331,2,,,,,,,,,,,
141.5866665,3,,,,,,,,,,,
141.6699998,0,,,,,,,,,,,
141.7533331,2,,,,,,,,,,,
141.8366665,3,,,,,,,,,,,
141.9199998,0,,,,,,,,,,,
142.0033331,2,,,,,,,,,,,
142.0866665,4,,,,,,,,,,,
142.1699998,2,,,,,,,,,,,
142.2533331,0,,,,,,,,,,,
142.3366665,2,,,,,,,,,,,
142.4199998,3,,,,,,,,,,,
142.5033331,0,,,,,,,,,,,
142.5866665,2,,,,,,,,,,,
142.6699998,3,,,,,,,,,,,
142.7533331,0,9,11,,,,,,,,,
142.8366665,3,,,,,,,,,,,
142.9199998,2,,,,,,,,,,,
143.0033331,1,,,,,,,,,,,
143.0866665,0,,,,,,,,,,,
143.1699998,2,,,,,,,,,,,
143.2533331,1,,,,,,,,,,,
143.3366665,0,,,,,,,,,,,
143.4199998,2,,,,,,,,,,,
143.5033331,1,,,,,,,,,,,
143.5866665,0,,,,,,,,,,,
143.6699998,2,,,,,,,,,,,
143.7533331,1,,,,,,,,,,,
143.8366665,3,,,,,,,,,,,
143.9199998,0,,,,,,,,,,,
144.0033331,1,,,,,,,,,,,
144.0866665,3,7,14,,,,,,,,,
144.1699998,1,,,,,,,,,,,
144.2533331,0,,,,,,,,,,,
144.3366665,3,,,,,,,,,,,
144.4199998,1,,,,,,,,,,,
144.5033331,0,,,,,,,,,,,
144.5866665,1,,,,,,,,,,,
144.6699998,3,,,,,,,,,,,
144.7533331,4,,,,,,,,,,,
144.8366665,1,,,,,,,,,,,
144.9199998,0,,,,,,,,,,,
145.0033331,1,,,,,,,,,,,
145.0866665,0,,,,,,,,,,,
145.1699998,3,,,,,,,,,,,
145.2533331,1,,,,,,,,,,,
145.3366665,0,,,,,,,,,,,
145.4199998,3,9,12,,,,,,,,,
145.5033331,1,,,,,,,,,,,
145.5866665,0,,,,,,,,,,,
145.6699998,2,,,,,,,,,,,
145.7533331,3,,,,,,,,,,,
145.8366665,2,,,,,,,,,,,
145.9199998,1,,,,,,,,,,,
146.0033331,0,,,,,,,,,,,
146.0866665,3,,,,,,,,,,,
146.1699998,2,,,,,,,,,,,
146.2533331,1,,,,,,,,,,,
146.3366665,0,,,,,,,,,,,
146.4199998,2,,,,,,,,,,,
146.5033331,3,,,,,,,,,,,
146.5866665,1,,,,,,,,,,,
146.6699998,0,,,,,,,,,,,
146.7533331,1,8,14,,,,,,,,,
146.8366665,2,,,,,,,,,,,
146.9199998,0,,,,,,,,,,,
147.0033331,1,,,,,,,,,,,
147.0866665,0,,,,,,,,,,,
147.1699998,1,,,,,,,,,,,
147.2533331,2,,,,,,,,,,,
147.3366665,0,,,,,,,,,,,
147.4199998,4,,,,,,,,,,,
147.5033331,1,,,,,,,,,,,
147.5866665,0,,,,,,,,,,,
147.6699998,2,,,,,,,,,,,
147.7533331,1,,,,,,,,,,,
147.8366665,0,,,,,,,,,,,
147.9199998,2,13,,,,,,,,,,
148.0033331,,,,,,,,,,,,
148.0866665,,,,,,,,,,,,
149.4199998,4,,,,,,,,,,,
149.5866665,0,,,,,,,,,,,
149.642222,1,,,,,,,,,,,
149.6977776,2,,,,,,,,,,,
149.7533331,3,,,,,,,,,,,
149.9199998,4,,,,,,,,,,,
150.0866665,3,,,,,,,,,,,
150.142222,2,,,,,,,,,,,
150.1977776,1,,,,,,,,,,,
150.2533331,0,,,,,,,,,,,
150.4199998,4,,,,,,,,,,,
150.5866665,,,,,,,,,,,,
150.7533331,1,,,,,,,,,,,
150.9199998,0,,,,,,,,,,,
151.0866665,7,,,,,,,,,,,
151.2533331,3,,,,,,,,,,,
151.4199998,1,,,,,,,,,,,
151.5866665,5,12,,,,,,,,,,
151.7533331,2,,,,,,,,,,,
151.9199998,1,,,,,,,,,,,
152.0866665,8,10,,,,,,,,,,
152.2533331,2,,,,,,,,,,,
152.4199998,0,,,,,,,,,,,
152.5866665,6,,,,,,,,,,,
152.7533331,4,,,,,,,,,,,
152.9199998,0,,,,,,,,,,,
153.0866665,11,,,,,,,,,,,
153.2533331,0,13,,,,,,,,,,
153.4199998,2,,‚‘,,,,,,,,,
153.5866665,3,,,,,,,,,,,
153.7533331,2,,,,,,,,,,,
153.9199998,8,,,,,,,,,,,
154.0866665,7,,,,,,,,,,,
154.2533331,5,13,,,,,,,,,,
154.4199998,6,12,,,,,,,,,,
154.5866665,4,,,,,,,,,,,
154.7533331,2,,,,,,,,,,,
154.9199998,4,,,,,,,,,,,
155.0866665,2,10,,,,,,,,,,
155.2533331,0,,,,,,,,,,,
155.4199998,3,11,,,,,,,,,,
155.5866665,1,2,,,,,,,,,,
155.7533331,3,,,,,,,,,,,
155.9199998,0,,,,,,,,,,,
156.0866665,2,3,,,,,,,,,,
156.2533331,1,2,,,,,,,,,,
156.4199998,5,1,,,,,,,,,,
156.5866665,1,2,,,,,,,,,,
156.7533331,2,3,,,,,,,,,,
156.9199998,1,7,10,,,,,,,,,
157.0866665,0,1,,,,,,,,,,
157.2533331,1,,,,,,,,,,,
157.4199998,3,12,,,,,,,,,,
157.5866665,1,2,,,,,,,,,,
157.7533331,0,1,,,,,,,,,,
157.9199998,1,7,,,,,,,,,,
158.0866665,3,,,,,,,,,,,
158.2533331,1,,,,,,,,,,,
158.4199998,0,1,12,,,,,,,,,
158.5866665,1,2,,,,,,,,,,
158.7533331,3,,,,,,,,,,,
158.8088887,0,,,,,,,,,,,
158.8644443,3,,,,,,,,,,,
158.9199998,0,,,,,,,,,,,
158.9755554,3,,,,,,,,,,,
159.0311109,0,,,,,,,,,,,
159.0866665,3,,,,,,,,,,,
159.142222,0,,,,,,,,,,,
159.1977776,3,,,,,,,,,,,
159.2533331,0,,,,,,,,,,,
159.3088887,3,,,,,,,,,,,
159.3644443,0,,,,,,,,,,,
159.4199998,2,,,,,,,,,,,
159.4755554,1,,,,,,,,,,,
159.5311109,2,,,,,,,,,,,
159.5866665,1,,,,,,,,,,,
159.642222,2,,,,,,,,,,,
159.6977776,1,,,,,,,,,,,
159.7533332,2,,,,,,,,,,,
159.8088887,1,,,,,,,,,,,
159.8644443,2,,,,,,,,,,,
159.9199998,1,,,,,,,,,,,
159.9755554,2,,,,,,,,,,,
160.0311109,1,,,,,,,,,,,
160.0866665,3,,,,,,,,,,,
160.142222,2,,,,,,,,,,,
160.1977776,0,,,,,,,,,,,
160.2533332,1,,,,,,,,,,,
160.3088887,3,,,,,,,,,,,
160.3644443,2,,,,,,,,,,,
160.4199998,0,,,,,,,,,,,
160.4755554,1,,,,,,,,,,,
160.5311109,3,,,,,,,,,,,
160.5866665,2,,,,,,,,,,,
160.642222,0,,,,,,,,,,,
160.6977776,1,,,,,,,,,,,
160.7533332,3,,,,,,,,,,,
160.8088887,2,,,,,,,,,,,
160.8644443,0,,,,,,,,,,,
160.9199998,1,,,,,,,,,,,
160.9755554,3,,,,,,,,,,,
161.0311109,2,,,,,,,,,,,
161.0866665,0,,,,,,,,,,,
161.1422221,1,,,,,,,,,,,
161.1977776,3,,,,,,,,,,,
161.2533332,2,,,,,,,,,,,
161.3088887,0,,,,,,,,,,,
161.3644443,1,,,,,,,,,,,
161.4199998,3,,,,,,,,,,,
161.5866665,2,,,,,,,,,,,
161.7533332,5,,,,,,,,,,,
161.9199998,1,,,,,,,,,,,
162.0866665,2,,,,,,,,,,,
162.2533332,8,10,,,,,,,,,,
162.4199998,0,,,,,,,,,,,
162.5866665,6,13,,,,,,,,,,
162.7533332,0,,,,,,,,,,,
162.9199998,3,7,,,,,,,,,,
163.0866665,0,11,,,,,,,,,,
163.2533332,1,,,,,,,,,,,
163.4199998,4,,,,,,,,,,,
163.5866665,3,,,,,,,,,,,
163.7533332,5,12,,,,,,,,,,
163.9199998,2,,,,,,,,,,,
164.0866665,1,10,,,,,,,,,,
164.2533332,1,2,,,,,,,,,,
164.4199998,2,8,,,,,,,,,,
164.5866665,1,7,,,,,,,,,,
164.7533332,0,1,,,,,,,,,,
164.9199998,1,12,,,,,,,,,,
165.0866665,7,13,,,,,,,,,,
165.2533332,1,,,,,,,,,,,
165.4199998,0,6,12,,,,,,,,,
165.5866665,2,,,,,,,,,,,
165.7533332,7,3,,,,,,,,,,
165.9199998,11,,,,,,,,,,,
166.0866665,0,1,,,,,,,,,,
166.2533332,6,12,,,,,,,,,,
166.4199998,2,3,,,,,,,,,,
166.5866665,11,2,,,,,,,,,,
166.7533332,9,,,,,,,,,,,
166.9199998,,,,,,,,,,,,
167.0866665,1,5,,,,,,,,,,
167.2533332,1,2,,,,,,,,,,
167.4199998,2,3,,,,,,,,,,
167.5866665,1,2,,,,,,,,,,
167.7533332,0,10,,,,,,,,,,
167.9199998,14,,,,,,,,,,,
168.0866665,1,5,8,,,,,,,,,
168.1699998,2,,,,,,,,,,,
168.2533332,1,,,,,,,,,,,
168.3366665,2,,,,,,,,,,,
168.4199998,1,,,,,,,,,,,
168.5033332,2,,,,,,,,,,,
168.5866665,1,,,,,,,,,,,
168.6699998,2,,,,,,,,,,,
168.7533332,1,,,,,,,,,,,
168.8366665,2,,,,,,,,,,,
168.9199998,1,,,,,,,,,,,
169.0033332,2,,,,,,,,,,,
169.0866665,1,,,,,,,,,,,
169.1699998,2,,,,,,,,,,,
169.2533332,1,,,,,,,,,,,
169.3366665,2,,,,,,,,,,,
169.4199998,1,10,13,,,,,,,,,
169.5033332,2,,,,,,,,,,,
169.5866665,4,,,,,,,,,,,
169.6699998,4,,,,,,,,,,,
169.7533332,1,,,,,,,,,,,
169.8366665,2,,,,,,,,,,,
169.9199998,4,,,,,,,,,,,
170.0033332,4,,,,,,,,,,,
170.0866665,1,,,,,,,,,,,
170.1699998,2,,,,,,,,,,,
170.2533332,4,,,,,,,,,,,
170.3366665,4,,,,,,,,,,,
170.4199998,1,,,,,,,,,,,
170.5033332,2,,,,,,,,,,,
170.5866665,4,,,,,,,,,,,
170.6699998,4,,,,,,,,,,,
170.7533332,6,,,,,,,,,,,
172.0866665,11,9,,,,,,,,,,
172.7533332,7,,,,,,,,,,,
173.4199998,12,,,,,,,,,,,
174.0866665,8,,,,,,,,,,,
174.7533332,13,,,,,,,,,,,
175.4199998,5,,,,,,,,,,,
176.0866665,10,14,,,,,,,,,,
176.2533332,3,4,,,,,,,,,,
176.4199998,2,3,4,,,,,,,,,
176.5866665,1,2,3,4,,,,,,,,
176.7533332,0,1,2,3,4,,,,,,,
176.9199998,0,1,2,4,,,,,,,,
177.0866665,0,1,4,,,,,,,,,
177.2533332,0,4,,,,,,,,,,
